data_snapshot;Coluna1;area;conhecimento_total_area;hhi_conhecimento;share_top1;share_top2;analista_top1;analista_top2;n_analistas_com_conhecimento;cenario;n_analistas_cenario;execucao
01/01/2026;09:00:00.000000000;Concorrencial;1,086386513;0,142857143;0,142857143;0,285714286;Jacó;Eva;7;cenario_1_base;7;cenario_1_base_7_analistas
01/01/2026;09:00:00.000000000;Contencioso;1,086386513;0,142857143;0,142857143;0,285714286;Jacó;Eva;7;cenario_1_base;7;cenario_1_base_7_analistas
01/01/2026;09:00:00.000000000;Contratos;1,086386513;0,142857143;0,142857143;0,285714286;Jacó;Eva;7;cenario_1_base;7;cenario_1_base_7_analistas
01/01/2026;09:00:00.000000000;Direito digital;1,086386513;0,142857143;0,142857143;0,285714286;Jacó;Eva;7;cenario_1_base;7;cenario_1_base_7_analistas
01/01/2026;09:00:00.000000000;Direito financeiro;1,086386513;0,142857143;0,142857143;0,285714286;Jacó;Eva;7;cenario_1_base;7;cenario_1_base_7_analistas
01/01/2026;09:00:00.000000000;Governança;1,086386513;0,142857143;0,142857143;0,285714286;Jacó;Eva;7;cenario_1_base;7;cenario_1_base_7_analistas
01/01/2026;09:00:00.000000000;Propriedade intelectual;1,086386513;0,142857143;0,142857143;0,285714286;Jacó;Eva;7;cenario_1_base;7;cenario_1_base_7_analistas
01/01/2026;09:00:00.000000000;Regulatório;1,086386513;0,142857143;0,142857143;0,285714286;Jacó;Eva;7;cenario_1_base;7;cenario_1_base_7_analistas
01/01/2026;09:00:00.000000000;Societário;1,086386513;0,142857143;0,142857143;0,285714286;Jacó;Eva;7;cenario_1_base;7;cenario_1_base_7_analistas
01/01/2026;09:00:00.000000000;Trabalhista;1,086386513;0,142857143;0,142857143;0,285714286;Jacó;Eva;7;cenario_1_base;7;cenario_1_base_7_analistas
01/01/2026;09:00:00.000000000;Tributário;1,086386513;0,142857143;0,142857143;0,285714286;Jacó;Eva;7;cenario_1_base;7;cenario_1_base_7_analistas
15/01/2026;09:00:00.000000000;Concorrencial;1,097821486;0,142950138;0,151785193;0,293154327;Caim;Jacó;7;cenario_1_base;7;cenario_1_base_7_analistas
15/01/2026;09:00:00.000000000;Contencioso;1,087314416;0,142857767;0,14358862;0,28632385;Eva;Jacó;7;cenario_1_base;7;cenario_1_base_7_analistas
15/01/2026;09:00:00.000000000;Contratos;1,355520351;0,156956649;0,216982071;0,427533223;Adão;Davi;7;cenario_1_base;7;cenario_1_base_7_analistas
15/01/2026;09:00:00.000000000;Direito digital;1,103787223;0,143070161;0,156369615;0,296974679;Esaú;Jacó;7;cenario_1_base;7;cenario_1_base_7_analistas
15/01/2026;09:00:00.000000000;Direito financeiro;1,099791521;0,142984483;0,153304584;0,294420486;Jacó;Eva;7;cenario_1_base;7;cenario_1_base_7_analistas
15/01/2026;09:00:00.000000000;Governança;1,123211514;0,14324761;0,159126124;0,307480236;Abraão;Jacó;7;cenario_1_base;7;cenario_1_base_7_analistas
15/01/2026;09:00:00.000000000;Propriedade intelectual;1,090125262;0,142867225;0,145796844;0,288164036;Abraão;Jacó;7;cenario_1_base;7;cenario_1_base_7_analistas
15/01/2026;09:00:00.000000000;Regulatório;1,146706304;0,14522889;0,187945129;0,323287607;Caim;Jacó;7;cenario_1_base;7;cenario_1_base_7_analistas
15/01/2026;09:00:00.000000000;Societário;1,269808963;0,150362518;0,199614243;0,388892039;Eva;Abraão;7;cenario_1_base;7;cenario_1_base_7_analistas
15/01/2026;09:00:00.000000000;Trabalhista;1,086386513;0,142857143;0,142857143;0,285714286;Jacó;Eva;7;cenario_1_base;7;cenario_1_base_7_analistas
15/01/2026;09:00:00.000000000;Tributário;1,086386513;0,142857143;0,142857143;0,285714286;Jacó;Eva;7;cenario_1_base;7;cenario_1_base_7_analistas
29/01/2026;09:00:00.000000000;Concorrencial;1,16903807;0,144679158;0,172397737;0,336214631;Abraão;Caim;7;cenario_1_base;7;cenario_1_base_7_analistas
29/01/2026;09:00:00.000000000;Contencioso;1,087314416;0,142857767;0,14358862;0,28632385;Eva;Jacó;7;cenario_1_base;7;cenario_1_base_7_analistas
29/01/2026;09:00:00.000000000;Contratos;1,793620739;0,198541203;0,292531131;0,567360953;Davi;Adão;7;cenario_1_base;7;cenario_1_base_7_analistas
29/01/2026;09:00:00.000000000;Direito digital;1,107857495;0,143179093;0,159469116;0,299557597;Esaú;Jacó;7;cenario_1_base;7;cenario_1_base_7_analistas
29/01/2026;09:00:00.000000000;Direito financeiro;1,124892393;0,143861493;0,172197763;0,310164802;Jacó;Eva;7;cenario_1_base;7;cenario_1_base_7_analistas
29/01/2026;09:00:00.000000000;Governança;1,270874118;0,148252907;0,19630989;0,370635528;Abraão;Esaú;7;cenario_1_base;7;cenario_1_base_7_analistas
29/01/2026;09:00:00.000000000;Propriedade intelectual;1,09573794;0,142877377;0,1459134;0,290963431;Abraão;Caim;7;cenario_1_base;7;cenario_1_base_7_analistas
29/01/2026;09:00:00.000000000;Regulatório;1,194125229;0,149834598;0,220191972;0,350159977;Caim;Jacó;7;cenario_1_base;7;cenario_1_base_7_analistas
29/01/2026;09:00:00.000000000;Societário;1,394557562;0,160633671;0,23474582;0,443558023;Abraão;Eva;7;cenario_1_base;7;cenario_1_base_7_analistas
29/01/2026;09:00:00.000000000;Trabalhista;1,097821486;0,142950138;0,151785193;0,293154327;Esaú;Jacó;7;cenario_1_base;7;cenario_1_base_7_analistas
29/01/2026;09:00:00.000000000;Tributário;1,086386513;0,142857143;0,142857143;0,285714286;Jacó;Eva;7;cenario_1_base;7;cenario_1_base_7_analistas
12/02/2026;09:00:00.000000000;Concorrencial;1,170176569;0,144733851;0,173202935;0,336860447;Abraão;Caim;7;cenario_1_base;7;cenario_1_base_7_analistas
12/02/2026;09:00:00.000000000;Contencioso;1,131652975;0,143530403;0,165398546;0,312646023;Jacó;Abraão;7;cenario_1_base;7;cenario_1_base_7_analistas
12/02/2026;09:00:00.000000000;Contratos;2,22465243;0,236691356;0,338546971;0,651185796;Davi;Adão;7;cenario_1_base;7;cenario_1_base_7_analistas
12/02/2026;09:00:00.000000000;Direito digital;1,187341525;0,149053803;0,215736652;0,34644721;Esaú;Jacó;7;cenario_1_base;7;cenario_1_base_7_analistas
12/02/2026;09:00:00.000000000;Direito financeiro;1,16388626;0,146657572;0,199931753;0,33327646;Jacó;Eva;7;cenario_1_base;7;cenario_1_base_7_analistas
12/02/2026;09:00:00.000000000;Governança;1,286816393;0,148939515;0,193877821;0,377665414;Abraão;Esaú;7;cenario_1_base;7;cenario_1_base_7_analistas
12/02/2026;09:00:00.000000000;Propriedade intelectual;1,097634546;0,142887431;0,146527302;0,292188577;Abraão;Caim;7;cenario_1_base;7;cenario_1_base_7_analistas
12/02/2026;09:00:00.000000000;Regulatório;1,223848425;0,153670554;0,239130908;0,365942424;Caim;Jacó;7;cenario_1_base;7;cenario_1_base_7_analistas
12/02/2026;09:00:00.000000000;Societário;1,616656674;0,18512146;0,303822032;0,520002992;Eva;Abraão;7;cenario_1_base;7;cenario_1_base_7_analistas
12/02/2026;09:00:00.000000000;Trabalhista;1,098749389;0,142948081;0,151657009;0,293751265;Esaú;Abraão;7;cenario_1_base;7;cenario_1_base_7_analistas
12/02/2026;09:00:00.000000000;Tributário;1,086386513;0,142857143;0,142857143;0,285714286;Jacó;Eva;7;cenario_1_base;7;cenario_1_base_7_analistas
26/02/2026;09:00:00.000000000;Concorrencial;1,219040925;0,146429495;0,187801381;0,354061604;Caim;Abraão;7;cenario_1_base;7;cenario_1_base_7_analistas
26/02/2026;09:00:00.000000000;Contencioso;1,177276142;0,143790215;0,160821627;0,319810457;Caim;Jacó;7;cenario_1_base;7;cenario_1_base_7_analistas
26/02/2026;09:00:00.000000000;Contratos;2,499881251;0,257088131;0,349823353;0,689589109;Davi;Adão;7;cenario_1_base;7;cenario_1_base_7_analistas
26/02/2026;09:00:00.000000000;Direito digital;1,283895752;0,163141839;0,274716473;0,39559706;Esaú;Jacó;7;cenario_1_base;7;cenario_1_base_7_analistas
26/02/2026;09:00:00.000000000;Direito financeiro;1,225312053;0,153875681;0,240039762;0,366699801;Jacó;Eva;7;cenario_1_base;7;cenario_1_base_7_analistas
26/02/2026;09:00:00.000000000;Governança;1,354144105;0,149205727;0,184238263;0,358887983;Abraão;Esaú;7;cenario_1_base;7;cenario_1_base_7_analistas
26/02/2026;09:00:00.000000000;Propriedade intelectual;1,098562449;0,142885521;0,146403537;0,29194178;Abraão;Caim;7;cenario_1_base;7;cenario_1_base_7_analistas
26/02/2026;09:00:00.000000000;Regulatório;1,264803428;0,159913222;0,263768251;0,386473543;Caim;Jacó;7;cenario_1_base;7;cenario_1_base_7_analistas
26/02/2026;09:00:00.000000000;Societário;2,04596829;0,224124948;0,347148301;0,620722193;Eva;Abraão;7;cenario_1_base;7;cenario_1_base_7_analistas
26/02/2026;09:00:00.000000000;Trabalhista;1,100664515;0,142963243;0,15228596;0,294980118;Esaú;Abraão;7;cenario_1_base;7;cenario_1_base_7_analistas
26/02/2026;09:00:00.000000000;Tributário;1,086386513;0,142857143;0,142857143;0,285714286;Jacó;Eva;7;cenario_1_base;7;cenario_1_base_7_analistas
12/03/2026;09:00:00.000000000;Concorrencial;1,39342648;0,151886609;0,214248827;0,380342728;Abraão;Caim;7;cenario_1_base;7;cenario_1_base_7_analistas
12/03/2026;09:00:00.000000000;Contencioso;1,243173162;0,144129366;0,161205062;0,313501998;Abraão;Caim;7;cenario_1_base;7;cenario_1_base_7_analistas
12/03/2026;09:00:00.000000000;Contratos;2,632169772;0,266033588;0,354115031;0,705189849;Davi;Adão;7;cenario_1_base;7;cenario_1_base_7_analistas
12/03/2026;09:00:00.000000000;Direito digital;1,340425554;0,17364424;0,305303874;0,421086561;Esaú;Jacó;7;cenario_1_base;7;cenario_1_base_7_analistas
12/03/2026;09:00:00.000000000;Direito financeiro;1,31509014;0,168780322;0,291920446;0,409933705;Jacó;Eva;7;cenario_1_base;7;cenario_1_base_7_analistas
12/03/2026;09:00:00.000000000;Governança;1,371115172;0,149958145;0,184865546;0,366823388;Esaú;Abraão;7;cenario_1_base;7;cenario_1_base_7_analistas
12/03/2026;09:00:00.000000000;Propriedade intelectual;1,112128291;0,143026389;0,154292347;0,29891004;Caim;Abraão;7;cenario_1_base;7;cenario_1_base_7_analistas
12/03/2026;09:00:00.000000000;Regulatório;1,411783192;0,188391942;0,340416825;0,450347354;Caim;Jacó;7;cenario_1_base;7;cenario_1_base_7_analistas
12/03/2026;09:00:00.000000000;Societário;2,31532803;0,247335966;0,376354857;0,664846468;Eva;Abraão;7;cenario_1_base;7;cenario_1_base_7_analistas
12/03/2026;09:00:00.000000000;Trabalhista;1,101592418;0,142960553;0,152157685;0,294731647;Esaú;Abraão;7;cenario_1_base;7;cenario_1_base_7_analistas
12/03/2026;09:00:00.000000000;Tributário;1,086386513;0,142857143;0,142857143;0,285714286;Jacó;Eva;7;cenario_1_base;7;cenario_1_base_7_analistas
26/03/2026;09:00:00.000000000;Concorrencial;1,430501374;0,15138563;0,209731047;0,371520224;Abraão;Caim;7;cenario_1_base;7;cenario_1_base_7_analistas
26/03/2026;09:00:00.000000000;Contencioso;1,318500619;0,146123658;0,171751591;0,343503182;Esaú;Caim;7;cenario_1_base;7;cenario_1_base_7_analistas
26/03/2026;09:00:00.000000000;Contratos;2,697182317;0,27024129;0,357531054;0,712295916;Davi;Adão;7;cenario_1_base;7;cenario_1_base_7_analistas
26/03/2026;09:00:00.000000000;Direito digital;1,348986295;0,175337953;0,309712453;0,424760378;Esaú;Jacó;7;cenario_1_base;7;cenario_1_base_7_analistas
26/03/2026;09:00:00.000000000;Direito financeiro;1,373205478;0,180250795;0,321887034;0,434905861;Jacó;Eva;7;cenario_1_base;7;cenario_1_base_7_analistas
26/03/2026;09:00:00.000000000;Governança;1,387567475;0,150471292;0,182673606;0,362473986;Esaú;Jacó;7;cenario_1_base;7;cenario_1_base_7_analistas
26/03/2026;09:00:00.000000000;Propriedade intelectual;1,118044718;0,143109361;0,157099684;0,300952095;Caim;Abraão;7;cenario_1_base;7;cenario_1_base_7_analistas
26/03/2026;09:00:00.000000000;Regulatório;1,620687841;0,236016604;0,425436277;0,521196898;Caim;Jacó;7;cenario_1_base;7;cenario_1_base_7_analistas
26/03/2026;09:00:00.000000000;Societário;2,463219862;0,256002089;0,370429679;0,684969101;Eva;Abraão;7;cenario_1_base;7;cenario_1_base_7_analistas
26/03/2026;09:00:00.000000000;Trabalhista;1,101592418;0,142960553;0,152157685;0,294731647;Esaú;Abraão;7;cenario_1_base;7;cenario_1_base_7_analistas
26/03/2026;09:00:00.000000000;Tributário;1,086386513;0,142857143;0,142857143;0,285714286;Jacó;Eva;7;cenario_1_base;7;cenario_1_base_7_analistas
09/04/2026;09:00:00.000000000;Concorrencial;1,441936347;0,150764077;0,208067819;0,368573961;Abraão;Caim;7;cenario_1_base;7;cenario_1_base_7_analistas
09/04/2026;09:00:00.000000000;Contencioso;1,433797534;0,147928911;0,18819601;0,355825425;Esaú;Abraão;7;cenario_1_base;7;cenario_1_base_7_analistas
09/04/2026;09:00:00.000000000;Contratos;2,729598212;0,272288583;0,358963595;0,715712604;Davi;Adão;7;cenario_1_base;7;cenario_1_base_7_analistas
09/04/2026;09:00:00.000000000;Direito digital;1,352424818;0,176024838;0,3114675;0,426222917;Esaú;Jacó;7;cenario_1_base;7;cenario_1_base_7_analistas
09/04/2026;09:00:00.000000000;Direito financeiro;1,394191185;0,184636231;0,332094156;0,443411797;Jacó;Eva;7;cenario_1_base;7;cenario_1_base_7_analistas
09/04/2026;09:00:00.000000000;Governança;1,405625834;0,150098342;0,181278825;0,359711392;Esaú;Jacó;7;cenario_1_base;7;cenario_1_base_7_analistas
09/04/2026;09:00:00.000000000;Propriedade intelectual;1,118977137;0,143104182;0,156968776;0,300701318;Caim;Abraão;7;cenario_1_base;7;cenario_1_base_7_analistas
09/04/2026;09:00:00.000000000;Regulatório;1,726219056;0,260616126;0,460561835;0,550468196;Caim;Jacó;7;cenario_1_base;7;cenario_1_base_7_analistas
09/04/2026;09:00:00.000000000;Societário;2,60416736;0,264911438;0,370207685;0,702019779;Eva;Abraão;7;cenario_1_base;7;cenario_1_base_7_analistas
09/04/2026;09:00:00.000000000;Trabalhista;1,115984755;0,143048692;0,151080094;0,302160187;Esaú;Caim;7;cenario_1_base;7;cenario_1_base_7_analistas
09/04/2026;09:00:00.000000000;Tributário;1,086386513;0,142857143;0,142857143;0,285714286;Jacó;Eva;7;cenario_1_base;7;cenario_1_base_7_analistas
23/04/2026;09:00:00.000000000;Concorrencial;1,443421095;0,150882743;0,208882425;0,369223465;Abraão;Caim;7;cenario_1_base;7;cenario_1_base_7_analistas
23/04/2026;09:00:00.000000000;Contencioso;1,478496044;0,149767544;0,192065899;0,374572289;Abraão;Esaú;7;cenario_1_base;7;cenario_1_base_7_analistas
23/04/2026;09:00:00.000000000;Contratos;2,748353895;0,27345843;0,359760666;0,717652676;Davi;Adão;7;cenario_1_base;7;cenario_1_base_7_analistas
23/04/2026;09:00:00.000000000;Direito digital;1,404738155;0,186879839;0,337108886;0,447590739;Esaú;Jacó;7;cenario_1_base;7;cenario_1_base_7_analistas
23/04/2026;09:00:00.000000000;Direito financeiro;1,417072192;0,189533831;0,342878616;0,452398847;Jacó;Eva;7;cenario_1_base;7;cenario_1_base_7_analistas
23/04/2026;09:00:00.000000000;Governança;1,456215881;0,151404904;0,195004515;0,370907751;Abraão;Esaú;7;cenario_1_base;7;cenario_1_base_7_analistas
23/04/2026;09:00:00.000000000;Propriedade intelectual;1,118977137;0,143104182;0,156968776;0,300701318;Caim;Abraão;7;cenario_1_base;7;cenario_1_base_7_analistas
23/04/2026;09:00:00.000000000;Regulatório;1,791932061;0,275737333;0,480343892;0,566953244;Caim;Jacó;7;cenario_1_base;7;cenario_1_base_7_analistas
23/04/2026;09:00:00.000000000;Societário;2,659745586;0,268169721;0,367146464;0,708246394;Eva;Abraão;7;cenario_1_base;7;cenario_1_base_7_analistas
23/04/2026;09:00:00.000000000;Trabalhista;1,117909134;0,143058736;0,151707358;0,302527381;Esaú;Caim;7;cenario_1_base;7;cenario_1_base_7_analistas
23/04/2026;09:00:00.000000000;Tributário;1,086386513;0,142857143;0,142857143;0,285714286;Jacó;Eva;7;cenario_1_base;7;cenario_1_base_7_analistas
07/05/2026;09:00:00.000000000;Concorrencial;1,519108331;0,152931246;0,225854671;0,378206965;Abraão;Caim;7;cenario_1_base;7;cenario_1_base_7_analistas
07/05/2026;09:00:00.000000000;Contencioso;1,561739654;0,151124574;0,202708961;0,385457968;Esaú;Abraão;7;cenario_1_base;7;cenario_1_base_7_analistas
07/05/2026;09:00:00.000000000;Contratos;2,760571117;0,274214459;0,360177629;0,718902237;Davi;Adão;7;cenario_1_base;7;cenario_1_base_7_analistas
07/05/2026;09:00:00.000000000;Direito digital;1,408259533;0,187634346;0,338766457;0,448972048;Esaú;Jacó;7;cenario_1_base;7;cenario_1_base_7_analistas
07/05/2026;09:00:00.000000000;Direito financeiro;1,576867624;0,225786311;0,409469492;0,507891243;Jacó;Eva;7;cenario_1_base;7;cenario_1_base_7_analistas
07/05/2026;09:00:00.000000000;Governança;1,525979818;0,149494819;0,186089402;0,356609018;Abraão;Esaú;7;cenario_1_base;7;cenario_1_base_7_analistas
07/05/2026;09:00:00.000000000;Propriedade intelectual;1,118977137;0,143104182;0,156968776;0,300701318;Caim;Abraão;7;cenario_1_base;7;cenario_1_base_7_analistas
07/05/2026;09:00:00.000000000;Regulatório;1,879809449;0,295555743;0,504636791;0,587197326;Caim;Jacó;7;cenario_1_base;7;cenario_1_base_7_analistas
07/05/2026;09:00:00.000000000;Societário;2,677668875;0,269227288;0,366028682;0,71019928;Eva;Abraão;7;cenario_1_base;7;cenario_1_base_7_analistas
07/05/2026;09:00:00.000000000;Trabalhista;1,117909134;0,143058736;0,151707358;0,302527381;Esaú;Caim;7;cenario_1_base;7;cenario_1_base_7_analistas
07/05/2026;09:00:00.000000000;Tributário;1,086386513;0,142857143;0,142857143;0,285714286;Jacó;Eva;7;cenario_1_base;7;cenario_1_base_7_analistas
21/05/2026;09:00:00.000000000;Concorrencial;1,618132604;0,154519263;0,212033125;0,406734798;Abraão;Caim;7;cenario_1_base;7;cenario_1_base_7_analistas
21/05/2026;09:00:00.000000000;Contencioso;1,578664005;0,150928557;0,200535783;0,383155291;Esaú;Abraão;7;cenario_1_base;7;cenario_1_base_7_analistas
21/05/2026;09:00:00.000000000;Contratos;2,768417672;0,274697064;0,359983717;0,719698955;Davi;Adão;7;cenario_1_base;7;cenario_1_base_7_analistas
21/05/2026;09:00:00.000000000;Direito digital;1,542265061;0,217748807;0,396220233;0,496850194;Esaú;Jacó;7;cenario_1_base;7;cenario_1_base_7_analistas
21/05/2026;09:00:00.000000000;Direito financeiro;1,683022873;0,250576216;0,446716706;0,538930588;Jacó;Eva;7;cenario_1_base;7;cenario_1_base_7_analistas
21/05/2026;09:00:00.000000000;Governança;1,538940871;0,148891719;0,184522146;0,354490239;Abraão;Esaú;7;cenario_1_base;7;cenario_1_base_7_analistas
21/05/2026;09:00:00.000000000;Propriedade intelectual;1,11993228;0,143105876;0,156834904;0,30129772;Caim;Abraão;7;cenario_1_base;7;cenario_1_base_7_analistas
21/05/2026;09:00:00.000000000;Regulatório;1,904789043;0,301088797;0,511133034;0,592610862;Caim;Jacó;7;cenario_1_base;7;cenario_1_base_7_analistas
21/05/2026;09:00:00.000000000;Societário;2,722854976;0,271881607;0,360583538;0,715008558;Eva;Abraão;7;cenario_1_base;7;cenario_1_base_7_analistas
21/05/2026;09:00:00.000000000;Trabalhista;1,117909134;0,143058736;0,151707358;0,302527381;Esaú;Caim;7;cenario_1_base;7;cenario_1_base_7_analistas
21/05/2026;09:00:00.000000000;Tributário;1,086386513;0,142857143;0,142857143;0,285714286;Jacó;Eva;7;cenario_1_base;7;cenario_1_base_7_analistas
04/06/2026;09:00:00.000000000;Concorrencial;1,63417385;0,154213853;0,209951782;0,402742241;Abraão;Caim;7;cenario_1_base;7;cenario_1_base_7_analistas
04/06/2026;09:00:00.000000000;Contencioso;1,585797707;0,151191923;0,200598142;0,385148784;Esaú;Abraão;7;cenario_1_base;7;cenario_1_base_7_analistas
04/06/2026;09:00:00.000000000;Contratos;2,770622439;0,274832606;0,360062939;0,719922009;Davi;Adão;7;cenario_1_base;7;cenario_1_base_7_analistas
04/06/2026;09:00:00.000000000;Direito digital;1,558906583;0,221607684;0,402665657;0,50222138;Esaú;Jacó;7;cenario_1_base;7;cenario_1_base_7_analistas
04/06/2026;09:00:00.000000000;Direito financeiro;1,763572688;0,269238393;0,471987491;0,559989576;Jacó;Eva;7;cenario_1_base;7;cenario_1_base_7_analistas
04/06/2026;09:00:00.000000000;Governança;1,631840906;0,154098006;0,22010794;0,390628125;Abraão;Esaú;7;cenario_1_base;7;cenario_1_base_7_analistas
04/06/2026;09:00:00.000000000;Propriedade intelectual;1,120956864;0,143131667;0,157605579;0,301936353;Caim;Abraão;7;cenario_1_base;7;cenario_1_base_7_analistas
04/06/2026;09:00:00.000000000;Regulatório;1,918869963;0,304186476;0,514720404;0,595600337;Caim;Jacó;7;cenario_1_base;7;cenario_1_base_7_analistas
04/06/2026;09:00:00.000000000;Societário;2,733934035;0,272591112;0,362169675;0,716163464;Eva;Abraão;7;cenario_1_base;7;cenario_1_base_7_analistas
04/06/2026;09:00:00.000000000;Trabalhista;1,129453819;0,143096352;0,150156685;0,299435104;Esaú;Abraão;7;cenario_1_base;7;cenario_1_base_7_analistas
04/06/2026;09:00:00.000000000;Tributário;1,151236679;0,145487494;0,190334742;0,325950623;Adão;Davi;7;cenario_1_base;7;cenario_1_base_7_analistas
18/06/2026;09:00:00.000000000;Concorrencial;1,809421814;0,15878578;0,228059104;0,417676423;Caim;Abraão;7;cenario_1_base;7;cenario_1_base_7_analistas
18/06/2026;09:00:00.000000000;Contencioso;1,587261335;0,151254109;0,200413169;0,385715744;Esaú;Abraão;7;cenario_1_base;7;cenario_1_base_7_analistas
18/06/2026;09:00:00.000000000;Contratos;2,773775544;0,275026198;0,360139887;0,720240389;Davi;Adão;7;cenario_1_base;7;cenario_1_base_7_analistas
18/06/2026;09:00:00.000000000;Direito digital;1,606923461;0,232799849;0,420514752;0,517095627;Esaú;Jacó;7;cenario_1_base;7;cenario_1_base_7_analistas
18/06/2026;09:00:00.000000000;Direito financeiro;1,857716448;0,290623215;0,498745656;0,582288046;Jacó;Eva;7;cenario_1_base;7;cenario_1_base_7_analistas
18/06/2026;09:00:00.000000000;Governança;1,634572552;0,154182403;0,220735231;0,390970449;Abraão;Esaú;7;cenario_1_base;7;cenario_1_base_7_analistas
18/06/2026;09:00:00.000000000;Propriedade intelectual;1,122853525;0,143129699;0,15733936;0,30228105;Caim;Abraão;7;cenario_1_base;7;cenario_1_base_7_analistas
18/06/2026;09:00:00.000000000;Regulatório;1,924895537;0,305507253;0,516239493;0,596866245;Caim;Jacó;7;cenario_1_base;7;cenario_1_base_7_analistas
18/06/2026;09:00:00.000000000;Societário;2,74678527;0,273365179;0,360475211;0,717491434;Eva;Abraão;7;cenario_1_base;7;cenario_1_base_7_analistas
18/06/2026;09:00:00.000000000;Trabalhista;1,131442378;0,143120692;0,150773599;0,300666377;Esaú;Abraão;7;cenario_1_base;7;cenario_1_base_7_analistas
18/06/2026;09:00:00.000000000;Tributário;1,151236679;0,145487494;0,190334742;0,325950623;Adão;Davi;7;cenario_1_base;7;cenario_1_base_7_analistas
02/07/2026;09:00:00.000000000;Concorrencial;1,891806778;0,15724171;0,218127519;0,399487326;Caim;Abraão;7;cenario_1_base;7;cenario_1_base_7_analistas
02/07/2026;09:00:00.000000000;Contencioso;1,637316662;0,153940642;0,209548782;0,403835007;Abraão;Esaú;7;cenario_1_base;7;cenario_1_base_7_analistas
02/07/2026;09:00:00.000000000;Contratos;2,774606424;0,275077166;0,360164722;0,720324166;Davi;Adão;7;cenario_1_base;7;cenario_1_base_7_analistas
02/07/2026;09:00:00.000000000;Direito digital;1,613080366;0,23423852;0,422726567;0,518938806;Esaú;Jacó;7;cenario_1_base;7;cenario_1_base_7_analistas
02/07/2026;09:00:00.000000000;Direito financeiro;1,886573258;0,297058632;0,506412785;0,588677321;Jacó;Eva;7;cenario_1_base;7;cenario_1_base_7_analistas
02/07/2026;09:00:00.000000000;Governança;1,723110466;0,156972473;0,232562599;0,404962244;Abraão;Esaú;7;cenario_1_base;7;cenario_1_base_7_analistas
02/07/2026;09:00:00.000000000;Propriedade intelectual;1,124810701;0,143148653;0,157980652;0,302670143;Caim;Abraão;7;cenario_1_base;7;cenario_1_base_7_analistas
02/07/2026;09:00:00.000000000;Regulatório;1,927059594;0,305980895;0,516782749;0,597318957;Caim;Jacó;7;cenario_1_base;7;cenario_1_base_7_analistas
02/07/2026;09:00:00.000000000;Societário;2,759647836;0,274161893;0,36106524;0,718808191;Eva;Abraão;7;cenario_1_base;7;cenario_1_base_7_analistas
02/07/2026;09:00:00.000000000;Trabalhista;1,198680933;0,143622104;0,157949843;0,314099616;Davi;Jacó;7;cenario_1_base;7;cenario_1_base_7_analistas
02/07/2026;09:00:00.000000000;Tributário;1,151236679;0,145487494;0,190334742;0,325950623;Adão;Davi;7;cenario_1_base;7;cenario_1_base_7_analistas
16/07/2026;09:00:00.000000000;Concorrencial;2,056191588;0,155457986;0,200689041;0,393932218;Caim;Esaú;7;cenario_1_base;7;cenario_1_base_7_analistas
16/07/2026;09:00:00.000000000;Contencioso;1,733549246;0,157546195;0,22823443;0,412619995;Abraão;Esaú;7;cenario_1_base;7;cenario_1_base_7_analistas
16/07/2026;09:00:00.000000000;Contratos;2,775247356;0,275116471;0,360223206;0,720388756;Davi;Adão;7;cenario_1_base;7;cenario_1_base_7_analistas
16/07/2026;09:00:00.000000000;Direito digital;1,661353465;0,245520365;0,439500107;0,532916755;Esaú;Jacó;7;cenario_1_base;7;cenario_1_base_7_analistas
16/07/2026;09:00:00.000000000;Direito financeiro;1,906373951;0,30143824;0,511539465;0,592949554;Jacó;Eva;7;cenario_1_base;7;cenario_1_base_7_analistas
16/07/2026;09:00:00.000000000;Governança;1,729771492;0,156981862;0,232647873;0,40438364;Abraão;Esaú;7;cenario_1_base;7;cenario_1_base_7_analistas
16/07/2026;09:00:00.000000000;Propriedade intelectual;1,125844668;0,143176594;0,158753956;0,303310565;Caim;Abraão;7;cenario_1_base;7;cenario_1_base_7_analistas
16/07/2026;09:00:00.000000000;Regulatório;1,928005748;0,306187859;0,517019884;0,59751657;Caim;Jacó;7;cenario_1_base;7;cenario_1_base_7_analistas
16/07/2026;09:00:00.000000000;Societário;2,770533059;0,274827963;0,360615992;0,719912973;Eva;Abraão;7;cenario_1_base;7;cenario_1_base_7_analistas
16/07/2026;09:00:00.000000000;Trabalhista;1,264619653;0,144432023;0,173269754;0,32298391;Adão;Davi;7;cenario_1_base;7;cenario_1_base_7_analistas
16/07/2026;09:00:00.000000000;Tributário;1,151236679;0,145487494;0,190334742;0,325950623;Adão;Davi;7;cenario_1_base;7;cenario_1_base_7_analistas
30/07/2026;09:00:00.000000000;Concorrencial;2,110021938;0,156482922;0,195569113;0,383882318;Caim;Esaú;7;cenario_1_base;7;cenario_1_base_7_analistas
30/07/2026;09:00:00.000000000;Contencioso;1,734635228;0,157486048;0,228091542;0,412361671;Abraão;Esaú;7;cenario_1_base;7;cenario_1_base_7_analistas
30/07/2026;09:00:00.000000000;Contratos;2,775556077;0,275135397;0,360228872;0,720419856;Davi;Adão;7;cenario_1_base;7;cenario_1_base_7_analistas
30/07/2026;09:00:00.000000000;Direito digital;1,672335698;0,248083903;0,443180911;0,535984093;Esaú;Jacó;7;cenario_1_base;7;cenario_1_base_7_analistas
30/07/2026;09:00:00.000000000;Direito financeiro;1,913624719;0,303034393;0,513390253;0,594491878;Jacó;Eva;7;cenario_1_base;7;cenario_1_base_7_analistas
30/07/2026;09:00:00.000000000;Governança;1,796350595;0,157718805;0,235454332;0,410839431;Abraão;Esaú;7;cenario_1_base;7;cenario_1_base_7_analistas
30/07/2026;09:00:00.000000000;Propriedade intelectual;1,125844668;0,143176594;0,158753956;0,303310565;Caim;Abraão;7;cenario_1_base;7;cenario_1_base_7_analistas
30/07/2026;09:00:00.000000000;Regulatório;1,929042865;0,306414638;0,51727955;0,597732958;Caim;Jacó;7;cenario_1_base;7;cenario_1_base_7_analistas
30/07/2026;09:00:00.000000000;Societário;2,773133627;0,274987088;0,360463487;0,720175631;Eva;Abraão;7;cenario_1_base;7;cenario_1_base_7_analistas
30/07/2026;09:00:00.000000000;Trabalhista;1,277958474;0,144316665;0,171461233;0,319612733;Adão;Davi;7;cenario_1_base;7;cenario_1_base_7_analistas
30/07/2026;09:00:00.000000000;Tributário;1,151236679;0,145487494;0,190334742;0,325950623;Adão;Davi;7;cenario_1_base;7;cenario_1_base_7_analistas
13/08/2026;09:00:00.000000000;Concorrencial;2,153356013;0,158366006;0,211757457;0,396281052;Caim;Esaú;7;cenario_1_base;7;cenario_1_base_7_analistas
13/08/2026;09:00:00.000000000;Contencioso;1,825913792;0,160223038;0,247814973;0,422873324;Abraão;Esaú;7;cenario_1_base;7;cenario_1_base_7_analistas
13/08/2026;09:00:00.000000000;Contratos;2,775792945;0,275149916;0,360225111;0,720443714;Adão;Davi;7;cenario_1_base;7;cenario_1_base_7_analistas
13/08/2026;09:00:00.000000000;Direito digital;1,697227682;0,253884396;0,451347365;0,542789471;Esaú;Jacó;7;cenario_1_base;7;cenario_1_base_7_analistas
13/08/2026;09:00:00.000000000;Direito financeiro;1,922859209;0,305061223;0,515727186;0,596439322;Jacó;Eva;7;cenario_1_base;7;cenario_1_base_7_analistas
13/08/2026;09:00:00.000000000;Governança;1,832846869;0,157946267;0,230765885;0,413643345;Abraão;Esaú;7;cenario_1_base;7;cenario_1_base_7_analistas
13/08/2026;09:00:00.000000000;Propriedade intelectual;1,138428022;0,143217193;0,157911576;0,306013237;Caim;Esaú;7;cenario_1_base;7;cenario_1_base_7_analistas
13/08/2026;09:00:00.000000000;Regulatório;1,929244398;0,306458696;0,517329976;0,59777498;Caim;Jacó;7;cenario_1_base;7;cenario_1_base_7_analistas
13/08/2026;09:00:00.000000000;Societário;2,774338525;0,275060848;0,360386963;0,720297159;Eva;Abraão;7;cenario_1_base;7;cenario_1_base_7_analistas
13/08/2026;09:00:00.000000000;Trabalhista;1,304315404;0,144215414;0,167996434;0,318204577;Adão;Caim;7;cenario_1_base;7;cenario_1_base_7_analistas
13/08/2026;09:00:00.000000000;Tributário;1,151236679;0,145487494;0,190334742;0,325950623;Adão;Davi;7;cenario_1_base;7;cenario_1_base_7_analistas
27/08/2026;09:00:00.000000000;Concorrencial;2,351297481;0,163805223;0,222400148;0,416331029;Abraão;Caim;7;cenario_1_base;7;cenario_1_base_7_analistas
27/08/2026;09:00:00.000000000;Contencioso;1,875864323;0,160213056;0,241216154;0,412432563;Abraão;Esaú;7;cenario_1_base;7;cenario_1_base_7_analistas
27/08/2026;09:00:00.000000000;Contratos;2,775913297;0,275157293;0,360228896;0,720455834;Adão;Davi;7;cenario_1_base;7;cenario_1_base_7_analistas
27/08/2026;09:00:00.000000000;Direito digital;1,701002219;0,254762469;0,452564829;0,543804024;Esaú;Jacó;7;cenario_1_base;7;cenario_1_base_7_analistas
27/08/2026;09:00:00.000000000;Direito financeiro;1,922917321;0,305073957;0,515741821;0,596451518;Jacó;Eva;7;cenario_1_base;7;cenario_1_base_7_analistas
27/08/2026;09:00:00.000000000;Governança;1,85096316;0,157457011;0,228507265;0,410445749;Abraão;Esaú;7;cenario_1_base;7;cenario_1_base_7_analistas
27/08/2026;09:00:00.000000000;Propriedade intelectual;1,138428022;0,143217193;0,157911576;0,306013237;Caim;Esaú;7;cenario_1_base;7;cenario_1_base_7_analistas
27/08/2026;09:00:00.000000000;Regulatório;1,930120697;0,306650228;0,517549114;0,597957595;Caim;Jacó;7;cenario_1_base;7;cenario_1_base_7_analistas
27/08/2026;09:00:00.000000000;Societário;2,77505652;0,275104816;0,360339071;0,720369527;Eva;Abraão;7;cenario_1_base;7;cenario_1_base_7_analistas
27/08/2026;09:00:00.000000000;Trabalhista;1,306473112;0,1442154;0,167718979;0,317679046;Adão;Caim;7;cenario_1_base;7;cenario_1_base_7_analistas
27/08/2026;09:00:00.000000000;Tributário;1,151236679;0,145487494;0,190334742;0,325950623;Adão;Davi;7;cenario_1_base;7;cenario_1_base_7_analistas
10/09/2026;09:00:00.000000000;Concorrencial;2,461090969;0,167738934;0,228135648;0,441329679;Caim;Abraão;7;cenario_1_base;7;cenario_1_base_7_analistas
10/09/2026;09:00:00.000000000;Contencioso;1,930674862;0,161203087;0,234368192;0,426339155;Abraão;Caim;7;cenario_1_base;7;cenario_1_base_7_analistas
10/09/2026;09:00:00.000000000;Contratos;2,775948464;0,275159448;0,360231665;0,720459376;Adão;Davi;7;cenario_1_base;7;cenario_1_base_7_analistas
10/09/2026;09:00:00.000000000;Direito digital;1,707197745;0,256202748;0,454551505;0,545459588;Esaú;Jacó;7;cenario_1_base;7;cenario_1_base_7_analistas
10/09/2026;09:00:00.000000000;Direito financeiro;1,92666451;0,305894452;0,51668366;0,597236383;Jacó;Eva;7;cenario_1_base;7;cenario_1_base_7_analistas
10/09/2026;09:00:00.000000000;Governança;1,918491154;0,15657541;0,221362791;0,406892779;Abraão;Esaú;7;cenario_1_base;7;cenario_1_base_7_analistas
10/09/2026;09:00:00.000000000;Propriedade intelectual;1,150639279;0,143416263;0,157142505;0,313378231;Esaú;Caim;7;cenario_1_base;7;cenario_1_base_7_analistas
10/09/2026;09:00:00.000000000;Regulatório;1,930411088;0,306713686;0,517621689;0,598018074;Caim;Jacó;7;cenario_1_base;7;cenario_1_base_7_analistas
10/09/2026;09:00:00.000000000;Societário;2,775736247;0,275146443;0,360255838;0,720438004;Eva;Abraão;7;cenario_1_base;7;cenario_1_base_7_analistas
10/09/2026;09:00:00.000000000;Trabalhista;1,37608347;0,145391506;0,177485547;0,336720318;Esaú;Adão;7;cenario_1_base;7;cenario_1_base_7_analistas
10/09/2026;09:00:00.000000000;Tributário;1,151236679;0,145487494;0,190334742;0,325950623;Adão;Davi;7;cenario_1_base;7;cenario_1_base_7_analistas
24/09/2026;09:00:00.000000000;Concorrencial;2,727344391;0,157452885;0,205864205;0,398245447;Caim;Abraão;7;cenario_1_base;7;cenario_1_base_7_analistas
24/09/2026;09:00:00.000000000;Contencioso;1,935163589;0,161317992;0,234728693;0,427106154;Abraão;Caim;7;cenario_1_base;7;cenario_1_base_7_analistas
24/09/2026;09:00:00.000000000;Contratos;2,775966499;0,275160553;0,360231986;0,720461192;Adão;Davi;7;cenario_1_base;7;cenario_1_base_7_analistas
24/09/2026;09:00:00.000000000;Direito digital;1,723908517;0,260080765;0,459838831;0,549865692;Esaú;Jacó;7;cenario_1_base;7;cenario_1_base_7_analistas
24/09/2026;09:00:00.000000000;Direito financeiro;1,92739371;0,306053988;0,516866515;0,597388762;Jacó;Eva;7;cenario_1_base;7;cenario_1_base_7_analistas
24/09/2026;09:00:00.000000000;Governança;2,046999852;0,156466521;0,207465846;0,394194357;Abraão;Jacó;7;cenario_1_base;7;cenario_1_base_7_analistas
24/09/2026;09:00:00.000000000;Propriedade intelectual;1,188614747;0,14392887;0,164829518;0,317833195;Abraão;Esaú;7;cenario_1_base;7;cenario_1_base_7_analistas
24/09/2026;09:00:00.000000000;Regulatório;1,930724003;0,306782057;0,517699869;0,598083224;Caim;Jacó;7;cenario_1_base;7;cenario_1_base_7_analistas
24/09/2026;09:00:00.000000000;Societário;2,775826777;0,275151991;0,3602478;0,720447121;Eva;Abraão;7;cenario_1_base;7;cenario_1_base_7_analistas
24/09/2026;09:00:00.000000000;Trabalhista;1,378222259;0,145359896;0,177210117;0,33619778;Esaú;Adão;7;cenario_1_base;7;cenario_1_base_7_analistas
24/09/2026;09:00:00.000000000;Tributário;1,151236679;0,145487494;0,190334742;0,325950623;Adão;Davi;7;cenario_1_base;7;cenario_1_base_7_analistas
08/10/2026;09:00:00.000000000;Concorrencial;2,786872596;0,159640969;0,221670257;0,409942195;Caim;Abraão;7;cenario_1_base;7;cenario_1_base_7_analistas
08/10/2026;09:00:00.000000000;Contencioso;1,936814909;0,161371519;0,234528564;0,4275946;Abraão;Caim;7;cenario_1_base;7;cenario_1_base_7_analistas
08/10/2026;09:00:00.000000000;Contratos;2,77598137;0,275161465;0,360231589;0,720462689;Adão;Davi;7;cenario_1_base;7;cenario_1_base_7_analistas
08/10/2026;09:00:00.000000000;Direito digital;1,726219056;0,260616126;0,460561835;0,550468196;Esaú;Jacó;7;cenario_1_base;7;cenario_1_base_7_analistas
08/10/2026;09:00:00.000000000;Direito financeiro;1,927700883;0,30612118;0,516943501;0,597452917;Jacó;Eva;7;cenario_1_base;7;cenario_1_base_7_analistas
08/10/2026;09:00:00.000000000;Governança;2,088523992;0,157527631;0,203341;0,394402637;Abraão;Esaú;7;cenario_1_base;7;cenario_1_base_7_analistas
08/10/2026;09:00:00.000000000;Propriedade intelectual;1,19067991;0,143954002;0,16547972;0,318218021;Abraão;Esaú;7;cenario_1_base;7;cenario_1_base_7_analistas
08/10/2026;09:00:00.000000000;Regulatório;1,930884331;0,306817085;0,517739916;0,598116597;Caim;Jacó;7;cenario_1_base;7;cenario_1_base_7_analistas
08/10/2026;09:00:00.000000000;Societário;2,775926924;0,275158128;0,360236609;0,720457207;Eva;Abraão;7;cenario_1_base;7;cenario_1_base_7_analistas
08/10/2026;09:00:00.000000000;Trabalhista;1,379527775;0,145420888;0,177988764;0,336825969;Esaú;Adão;7;cenario_1_base;7;cenario_1_base_7_analistas
08/10/2026;09:00:00.000000000;Tributário;1,151236679;0,145487494;0,190334742;0,325950623;Adão;Davi;7;cenario_1_base;7;cenario_1_base_7_analistas
14/10/2026;09:03:59.999999999;Concorrencial;2,786872596;0,159640969;0,221670257;0,409942195;Caim;Abraão;7;cenario_1_base;7;cenario_1_base_7_analistas
14/10/2026;09:03:59.999999999;Contencioso;1,97378492;0,159306677;0,230135723;0,419585533;Abraão;Caim;7;cenario_1_base;7;cenario_1_base_7_analistas
14/10/2026;09:03:59.999999999;Contratos;2,775984752;0,275161672;0,360231625;0,72046303;Adão;Davi;7;cenario_1_base;7;cenario_1_base_7_analistas
14/10/2026;09:03:59.999999999;Direito digital;1,726219056;0,260616126;0,460561835;0,550468196;Esaú;Jacó;7;cenario_1_base;7;cenario_1_base_7_analistas
14/10/2026;09:03:59.999999999;Direito financeiro;1,929087736;0,306424448;0,517290778;0,597742315;Jacó;Eva;7;cenario_1_base;7;cenario_1_base_7_analistas
14/10/2026;09:03:59.999999999;Governança;2,109003317;0,158252005;0,201366472;0,400283247;Abraão;Esaú;7;cenario_1_base;7;cenario_1_base_7_analistas
14/10/2026;09:03:59.999999999;Propriedade intelectual;1,191732717;0,143970177;0,165333531;0,318820325;Abraão;Esaú;7;cenario_1_base;7;cenario_1_base_7_analistas
14/10/2026;09:03:59.999999999;Regulatório;1,930990724;0,306840329;0,517766487;0,598138739;Caim;Jacó;7;cenario_1_base;7;cenario_1_base_7_analistas
14/10/2026;09:03:59.999999999;Societário;2,775948875;0,275159473;0,360234957;0,720459417;Eva;Abraão;7;cenario_1_base;7;cenario_1_base_7_analistas
14/10/2026;09:03:59.999999999;Trabalhista;1,379527775;0,145420888;0,177988764;0,336825969;Esaú;Adão;7;cenario_1_base;7;cenario_1_base_7_analistas
14/10/2026;09:03:59.999999999;Tributário;1,151236679;0,145487494;0,190334742;0,325950623;Adão;Davi;7;cenario_1_base;7;cenario_1_base_7_analistas
